<?xml version="1.0" encoding="UTF-8"?>
<project-private xmlns="http://www.netbeans.org/ns/project-private/1">
    <editor-bookmarks xmlns="http://www.netbeans.org/ns/editor-bookmarks/2" lastBookmarkId="0"/>
    <open-files xmlns="http://www.netbeans.org/ns/projectui-open-files/2">
        <group>
            <file>file:/media/hdd_ext4/alberto/work/Eclipse/ExercicioComparator/src/exercicio_comparator/comparators/ComparatorPlaca.java</file>
            <file>file:/media/hdd_ext4/alberto/work/Eclipse/ExercicioComparator/src/exercicio_comparator/Veiculo.java</file>
            <file>file:/media/hdd_ext4/alberto/work/Eclipse/ExercicioComparator/src/exercicio_comparator/ExercicioComparator.java</file>
        </group>
    </open-files>
</project-private>
